{
  "target_6m": {
    "none": {
      "pr_auc": 0.48786256389266164,
      "auc_roc": 0.7624720376470291,
      "recall": 0.03125,
      "f1_score": 0.05555555555555555,
      "umbral_mediano": 0.40065303896604754
    },
    "balanced": {
      "pr_auc": 0.5058133588501772,
      "auc_roc": 0.7788311973093038,
      "recall": 0.09375,
      "f1_score": 0.11538461538461539,
      "umbral_mediano": 0.7206063829651669
    },
    "smote": {
      "pr_auc": 0.45386531457010976,
      "auc_roc": 0.7480223241329699,
      "recall": 0.125,
      "f1_score": 0.1349206349206349,
      "umbral_mediano": 0.7358895176024407
    }
  },
  "target_12m": {
    "none": {
      "pr_auc": 0.5342389349734089,
      "auc_roc": 0.755974746020109,
      "recall": 0.25,
      "f1_score": 0.07142857142857142,
      "umbral_mediano": 0.4309925808867979
    },
    "balanced": {
      "pr_auc": 0.6147976515273097,
      "auc_roc": 0.783006294221012,
      "recall": 0.6666666666666666,
      "f1_score": 0.27308140150312266,
      "umbral_mediano": 0.6543427530031798
    },
    "smote": {
      "pr_auc": 0.6005893838881268,
      "auc_roc": 0.7803223042638365,
      "recall": 0.5833333333333333,
      "f1_score": 0.2815107623059611,
      "umbral_mediano": 0.6330332951781417
    }
  }
}