{
  "target_6m": {
    "none": {
      "pr_auc": 0.4869973796576166,
      "auc_roc": 0.7874372128830329,
      "recall": 0.0,
      "f1_score": 0.0,
      "umbral_mediano": 0.33996904416866947
    },
    "balanced": {
      "pr_auc": 0.5129520477150558,
      "auc_roc": 0.8250556486319349,
      "recall": 0.0,
      "f1_score": 0.0,
      "umbral_mediano": 0.49780695497874045
    },
    "smote": {
      "pr_auc": 0.4037534888309066,
      "auc_roc": 0.7399696397470845,
      "recall": 0.0,
      "f1_score": 0.0,
      "umbral_mediano": 0.45057442625170024
    }
  },
  "target_12m": {
    "none": {
      "pr_auc": 0.4632752888938698,
      "auc_roc": 0.6990628309302704,
      "recall": 0.2638888888888889,
      "f1_score": 0.2857142857142857,
      "umbral_mediano": 0.4609158837697227
    },
    "balanced": {
      "pr_auc": 0.42694401393920034,
      "auc_roc": 0.7919766865079365,
      "recall": 0.9375,
      "f1_score": 0.321967424608934,
      "umbral_mediano": 0.11950988020613484
    },
    "smote": {
      "pr_auc": 0.39687864588684907,
      "auc_roc": 0.6290156206360843,
      "recall": 0.21875,
      "f1_score": 0.14,
      "umbral_mediano": 0.5492475383351633
    }
  }
}