{
  "target_6m": {
    "none": {
      "pr_auc": 0.4921045268093204,
      "auc_roc": 0.8587236625397546,
      "recall": 0.0,
      "f1_score": 0.0,
      "umbral_mediano": 0.4360550306175306
    },
    "balanced": {
      "pr_auc": 0.34453923524914404,
      "auc_roc": 0.7264964394340956,
      "recall": 0.0,
      "f1_score": 0.0,
      "umbral_mediano": 0.5999418563290286
    },
    "smote": {
      "pr_auc": 0.3193540663357057,
      "auc_roc": 0.7308525914672623,
      "recall": 0.0,
      "f1_score": 0.0,
      "umbral_mediano": 0.5204485167610168
    }
  },
  "target_12m": {
    "none": {
      "pr_auc": 0.4697602315576261,
      "auc_roc": 0.7262519346692734,
      "recall": 0.13541666666666666,
      "f1_score": 0.20779220779220778,
      "umbral_mediano": 0.5442860051168875
    },
    "balanced": {
      "pr_auc": 0.560958258334848,
      "auc_roc": 0.7493594135479216,
      "recall": 0.125,
      "f1_score": 0.16666666666666666,
      "umbral_mediano": 0.4671541307933191
    },
    "smote": {
      "pr_auc": 0.5983673351619994,
      "auc_roc": 0.7599239078573755,
      "recall": 0.125,
      "f1_score": 0.16666666666666666,
      "umbral_mediano": 0.4287104978354978
    }
  }
}