{
  "target_6m": {
    "none": {
      "pr_auc": 0.6381997063841778,
      "auc_roc": 0.8457942294222323,
      "recall": 0.0,
      "f1_score": 0.0,
      "umbral_mediano": 0.4208316095173359
    },
    "balanced": {
      "pr_auc": 0.50997868210953,
      "auc_roc": 0.8222787385153213,
      "recall": 0.0,
      "f1_score": 0.0,
      "umbral_mediano": 0.4665166735649109
    },
    "smote": {
      "pr_auc": 0.5321943729201954,
      "auc_roc": 0.8313728134938663,
      "recall": 0.25,
      "f1_score": 0.16666666666666666,
      "umbral_mediano": 0.2681496851146221
    }
  },
  "target_12m": {
    "none": {
      "pr_auc": 0.5110793580239624,
      "auc_roc": 0.716334936345017,
      "recall": 0.25,
      "f1_score": 0.2604166666666667,
      "umbral_mediano": 0.31730829179286957
    },
    "balanced": {
      "pr_auc": 0.5075449428401086,
      "auc_roc": 0.7395747873318438,
      "recall": 0.28125,
      "f1_score": 0.1845238095238095,
      "umbral_mediano": 0.37125787138938904
    },
    "smote": {
      "pr_auc": 0.4390763540544094,
      "auc_roc": 0.657641907263883,
      "recall": 0.46875,
      "f1_score": 0.41875,
      "umbral_mediano": 0.44060149788856506
    }
  }
}